{
  "toggle_mod": true,
  "animation_speed": 300,
  "curve_points": [
    [
      0.37109375,
      0.07837458
    ],
    [
      0.671875,
      0.26214606
    ],
    [
      0.890625,
      0.5905887
    ]
  ]
}